{
  "project_info": {
    "project_number": "1029914248453",
    "project_id": "dapfinal-cf99e",
    "storage_bucket": "dapfinal-cf99e.firebasestorage.app"
  },
  "client": [
    {
      "client_info": {
        "mobilesdk_app_id": "1:1029914248453:android:2defc4ce5d0329ea20e36c",
        "android_client_info": {
          "package_name": "com.luca.tpdapfinal"
        }
      },
      "oauth_client": [],
      "api_key": [
        {
          "current_key": "AIzaSyBkBFOGqdA9MHWQmc-j6O3VLuyYPh7Ue7E"
        }
      ],
      "services": {
        "appinvite_service": {
          "other_platform_oauth_client": []
        }
      }
    }
  ],
  "configuration_version": "1"
}